<differences>
	<difference>
		<className>net/sf/jasperreports/components/ComponentsXmlDigesterConfigurer</className>
		<differenceType>7004</differenceType>
		<method>*addBarcodeRules(*)</method>
	</difference>
	<difference>
		<className>net/sf/jasperreports/engine/fonts/FontUtil</className>
		<differenceType>7004</differenceType>
		<method>*getFontSetInfo(*)</method>
	</difference>
	<difference>
		<className>net/sf/jasperreports/engine/xml/BaseSaxParserFactory</className>
		<differenceType>7013</differenceType>
		<method>*getGrammarPoolCache()</method>
	</difference>
	<difference>
		<className>net/sf/jasperreports/engine/xml/JRXmlTemplateWriter</className>
		<differenceType>7005</differenceType>
		<method>*writeTemplate(net.sf.jasperreports.engine.JRTemplate, java.io.Writer, java.lang.String)</method>
		<to>*writeTemplate(net.sf.jasperreports.engine.JasperReportsContext, net.sf.jasperreports.engine.JRTemplate, java.lang.String)</to>
	</difference>
	<difference>
		<className>net/sf/jasperreports/engine/xml/JRXmlTemplateWriter</className>
		<differenceType>7006</differenceType>
		<method>*writeTemplate(net.sf.jasperreports.engine.JRTemplate, java.io.Writer, java.lang.String)</method>
		<to>java.lang.String</to>
	</difference>
	<difference>
		<className>net/sf/jasperreports/export/HtmlReportConfiguration</className>
		<differenceType>7012</differenceType>
		<method>*isConvertSvgToImage()</method>
	</difference>
</differences>